timestamp,filename,saved_path,label,confidence,eeg_summary
20251226_220629,101_1_1_3_1_1_png.rf.d5825543222961697408963f02eca7e1.jpg,C:\Users\vinay\OneDrive\Desktop\majorproject 20\labels\alert\20251226_220629_101_1_1_3_1_1_png.rf.d5825543222961697408963f02eca7e1.jpg,Alert,0.9997157454490662,User Input
20260108_110906,104_1_1_5_450_1_m_png.rf.167d2d5776b1ace4f43baa925b2e449b.jpg,C:\Users\vinay\OneDrive\Desktop\majorproject 20\labels\drowsy\20260108_110906_104_1_1_5_450_1_m_png.rf.167d2d5776b1ace4f43baa925b2e449b.jpg,Drowsy,0.9684279561042786,User Input
20260108_112132,104_1_1_5_450_1_m_png.rf.167d2d5776b1ace4f43baa925b2e449b.jpg,C:\Users\vinay\OneDrive\Desktop\majorproject 20\labels\alert\20260108_112132_104_1_1_5_450_1_m_png.rf.167d2d5776b1ace4f43baa925b2e449b.jpg,Alert,0.7411289811134338,User Input
20260108_112401,123_2_2_6_162_29_1_png.rf.947fb5d7105e8dbd94081905200fe0ce.jpg,C:\Users\vinay\OneDrive\Desktop\majorproject 20\labels\drowsy\20260108_112401_123_2_2_6_162_29_1_png.rf.947fb5d7105e8dbd94081905200fe0ce.jpg,Drowsy,0.9572675228118896,User Input
20260108_112537,123_2_2_6_162_29_1_png.rf.947fb5d7105e8dbd94081905200fe0ce.jpg,C:\Users\vinay\OneDrive\Desktop\majorproject 20\labels\drowsy\20260108_112537_123_2_2_6_162_29_1_png.rf.947fb5d7105e8dbd94081905200fe0ce.jpg,Drowsy,0.9984772801399231,User Input
20260108_112642,103_2_2_4_161_31_1_png.rf.b9232e80357809ca06cfa990c1a21ca7.jpg,C:\Users\vinay\OneDrive\Desktop\majorproject 20\labels\drowsy\20260108_112642_103_2_2_4_161_31_1_png.rf.b9232e80357809ca06cfa990c1a21ca7.jpg,Drowsy,0.7823112607002258,User Input
20260108_112800,126_1_1_9_1_1_m_png.rf.30049658d85fafe4cfee8025a415b17e.jpg,C:\Users\vinay\OneDrive\Desktop\majorproject 20\labels\alert\20260108_112800_126_1_1_9_1_1_m_png.rf.30049658d85fafe4cfee8025a415b17e.jpg,Alert,0.9777827858924866,User Input
20260305_113056,101_2_1_8_450_1_m_png.rf.ac2a9c43b054ce36caa8c30ba71ffdf2.jpg,C:\Users\SHRUTHI MANCHE\OneDrive\Desktop\Lahari\majorproject 20\labels\drowsy\20260305_113056_101_2_1_8_450_1_m_png.rf.ac2a9c43b054ce36caa8c30ba71ffdf2.jpg,Drowsy,0.9688512682914734,User Input
20260306_111257,101_2_2_5_165_109_1_png.rf.2e5759575e3df4bbf421d19c265f45dc.jpg,C:\Users\SHRUTHI MANCHE\OneDrive\Desktop\Lahari\majorproject 20\labels\alert\20260306_111257_101_2_2_5_165_109_1_png.rf.2e5759575e3df4bbf421d19c265f45dc.jpg,Alert,0.9902796149253845,User Input
20260306_112137,110_1_2_8_109_54_1_m_png.rf.456b1f2a608788c4b47f0b6bdb4440e1.jpg,C:\Users\SHRUTHI MANCHE\OneDrive\Desktop\Lahari\majorproject 20\labels\alert\20260306_112137_110_1_2_8_109_54_1_m_png.rf.456b1f2a608788c4b47f0b6bdb4440e1.jpg,Alert,0.8774670958518982,User Input
20260306_112157,110_1_2_8_109_54_1_m_png.rf.456b1f2a608788c4b47f0b6bdb4440e1.jpg,C:\Users\SHRUTHI MANCHE\OneDrive\Desktop\Lahari\majorproject 20\labels\drowsy\20260306_112157_110_1_2_8_109_54_1_m_png.rf.456b1f2a608788c4b47f0b6bdb4440e1.jpg,Drowsy,0.9945055842399597,User Input
20260306_133436,101_1_2_1_101_100_1_m_png.rf.3a965da16e2c3bce37aee5ed682cb8cc.jpg,C:\Users\SHRUTHI MANCHE\OneDrive\Desktop\Lahari\majorproject 20\labels\alert\20260306_133436_101_1_2_1_101_100_1_m_png.rf.3a965da16e2c3bce37aee5ed682cb8cc.jpg,Alert,0.9994949102401733,User Input
20260306_133453,101_1_2_1_101_100_1_m_png.rf.3a965da16e2c3bce37aee5ed682cb8cc.jpg,C:\Users\SHRUTHI MANCHE\OneDrive\Desktop\Lahari\majorproject 20\labels\alert\20260306_133453_101_1_2_1_101_100_1_m_png.rf.3a965da16e2c3bce37aee5ed682cb8cc.jpg,Alert,0.9999772310256958,User Input
20260306_133518,101_1_2_1_101_100_1_m_png.rf.3a965da16e2c3bce37aee5ed682cb8cc.jpg,C:\Users\SHRUTHI MANCHE\OneDrive\Desktop\Lahari\majorproject 20\labels\alert\20260306_133518_101_1_2_1_101_100_1_m_png.rf.3a965da16e2c3bce37aee5ed682cb8cc.jpg,Alert,0.9999914169311523,User Input
20260306_133536,101_1_2_1_101_100_1_m_png.rf.3a965da16e2c3bce37aee5ed682cb8cc.jpg,C:\Users\SHRUTHI MANCHE\OneDrive\Desktop\Lahari\majorproject 20\labels\alert\20260306_133536_101_1_2_1_101_100_1_m_png.rf.3a965da16e2c3bce37aee5ed682cb8cc.jpg,Alert,0.9994949102401733,User Input
20260306_133542,101_1_2_1_101_100_1_m_png.rf.3a965da16e2c3bce37aee5ed682cb8cc.jpg,C:\Users\SHRUTHI MANCHE\OneDrive\Desktop\Lahari\majorproject 20\labels\alert\20260306_133542_101_1_2_1_101_100_1_m_png.rf.3a965da16e2c3bce37aee5ed682cb8cc.jpg,Alert,0.9999772310256958,User Input
20260306_133726,101_1_2_1_101_100_1_m_png.rf.3a965da16e2c3bce37aee5ed682cb8cc.jpg,C:\Users\SHRUTHI MANCHE\OneDrive\Desktop\Lahari\majorproject 20\labels\alert\20260306_133726_101_1_2_1_101_100_1_m_png.rf.3a965da16e2c3bce37aee5ed682cb8cc.jpg,Alert,0.9943140745162964,User Input
20260306_133732,101_1_2_1_101_100_1_m_png.rf.3a965da16e2c3bce37aee5ed682cb8cc.jpg,C:\Users\SHRUTHI MANCHE\OneDrive\Desktop\Lahari\majorproject 20\labels\alert\20260306_133732_101_1_2_1_101_100_1_m_png.rf.3a965da16e2c3bce37aee5ed682cb8cc.jpg,Alert,0.9943140745162964,User Input
20260306_133741,101_1_2_1_101_100_1_m_png.rf.3a965da16e2c3bce37aee5ed682cb8cc.jpg,C:\Users\SHRUTHI MANCHE\OneDrive\Desktop\Lahari\majorproject 20\labels\alert\20260306_133741_101_1_2_1_101_100_1_m_png.rf.3a965da16e2c3bce37aee5ed682cb8cc.jpg,Alert,0.9999945163726807,User Input
20260306_133829,112_2_1_5_1_1_png.rf.67ab69198ff4e39769c12e1e6d4ffa9d.jpg,C:\Users\SHRUTHI MANCHE\OneDrive\Desktop\Lahari\majorproject 20\labels\alert\20260306_133829_112_2_1_5_1_1_png.rf.67ab69198ff4e39769c12e1e6d4ffa9d.jpg,Alert,0.9999911785125732,User Input
20260306_133842,108_2_2_7_243_104_1_m_png.rf.c5c5e399b1f498b7499d72e9c6d3ecb8.jpg,C:\Users\SHRUTHI MANCHE\OneDrive\Desktop\Lahari\majorproject 20\labels\alert\20260306_133842_108_2_2_7_243_104_1_m_png.rf.c5c5e399b1f498b7499d72e9c6d3ecb8.jpg,Alert,0.9998658895492554,User Input
20260306_133853,103_2_2_3_175_2_1_png.rf.dd6aaf2bc68bf0ed32abde5bcb0d8ef8.jpg,C:\Users\SHRUTHI MANCHE\OneDrive\Desktop\Lahari\majorproject 20\labels\alert\20260306_133853_103_2_2_3_175_2_1_png.rf.dd6aaf2bc68bf0ed32abde5bcb0d8ef8.jpg,Alert,0.9999910593032837,User Input
20260306_133904,107_2_2_9_108_31_1_png.rf.1ac100832438bbbc2b1beb73e39db16a.jpg,C:\Users\SHRUTHI MANCHE\OneDrive\Desktop\Lahari\majorproject 20\labels\alert\20260306_133904_107_2_2_9_108_31_1_png.rf.1ac100832438bbbc2b1beb73e39db16a.jpg,Alert,0.9760145545005798,User Input
20260306_134024,107_2_2_9_108_31_1_png.rf.1ac100832438bbbc2b1beb73e39db16a.jpg,C:\Users\SHRUTHI MANCHE\OneDrive\Desktop\Lahari\majorproject 20\labels\drowsy\20260306_134024_107_2_2_9_108_31_1_png.rf.1ac100832438bbbc2b1beb73e39db16a.jpg,Drowsy,0.9744497537612915,User Input
20260306_134048,107_2_2_9_108_31_1_png.rf.1ac100832438bbbc2b1beb73e39db16a.jpg,C:\Users\SHRUTHI MANCHE\OneDrive\Desktop\Lahari\majorproject 20\labels\drowsy\20260306_134048_107_2_2_9_108_31_1_png.rf.1ac100832438bbbc2b1beb73e39db16a.jpg,Drowsy,0.999041736125946,User Input
20260306_134108,104_1_1_5_450_1_m_png.rf.167d2d5776b1ace4f43baa925b2e449b.jpg,C:\Users\SHRUTHI MANCHE\OneDrive\Desktop\Lahari\majorproject 20\labels\drowsy\20260306_134108_104_1_1_5_450_1_m_png.rf.167d2d5776b1ace4f43baa925b2e449b.jpg,Drowsy,0.8152417540550232,User Input
20260306_134118,105_1_2_8_163_109_1_m_png.rf.2376110d762d2bf697f493147ce8ca33.jpg,C:\Users\SHRUTHI MANCHE\OneDrive\Desktop\Lahari\majorproject 20\labels\drowsy\20260306_134118_105_1_2_8_163_109_1_m_png.rf.2376110d762d2bf697f493147ce8ca33.jpg,Drowsy,0.9999223947525024,User Input
20260306_134129,101_2_1_9_1_1_m_png.rf.63da7dd536f3b020495b4e3831b97074.jpg,C:\Users\SHRUTHI MANCHE\OneDrive\Desktop\Lahari\majorproject 20\labels\alert\20260306_134129_101_2_1_9_1_1_m_png.rf.63da7dd536f3b020495b4e3831b97074.jpg,Alert,0.9955295920372009,User Input
20260306_134144,108_1_2_7_139_108_1_png.rf.5c32dbad2d21a6e197b2c416e2c592b9.jpg,C:\Users\SHRUTHI MANCHE\OneDrive\Desktop\Lahari\majorproject 20\labels\drowsy\20260306_134144_108_1_2_7_139_108_1_png.rf.5c32dbad2d21a6e197b2c416e2c592b9.jpg,Drowsy,0.9998393058776855,User Input
20260306_134245,108_1_2_7_139_108_1_png.rf.5c32dbad2d21a6e197b2c416e2c592b9.jpg,C:\Users\SHRUTHI MANCHE\OneDrive\Desktop\Lahari\majorproject 20\labels\drowsy\20260306_134245_108_1_2_7_139_108_1_png.rf.5c32dbad2d21a6e197b2c416e2c592b9.jpg,Drowsy,0.9998059868812561,User Input
20260306_134247,108_1_2_7_139_108_1_png.rf.5c32dbad2d21a6e197b2c416e2c592b9.jpg,C:\Users\SHRUTHI MANCHE\OneDrive\Desktop\Lahari\majorproject 20\labels\drowsy\20260306_134247_108_1_2_7_139_108_1_png.rf.5c32dbad2d21a6e197b2c416e2c592b9.jpg,Drowsy,0.9998059868812561,User Input
20260306_134247,108_1_2_7_139_108_1_png.rf.5c32dbad2d21a6e197b2c416e2c592b9.jpg,C:\Users\SHRUTHI MANCHE\OneDrive\Desktop\Lahari\majorproject 20\labels\drowsy\20260306_134247_108_1_2_7_139_108_1_png.rf.5c32dbad2d21a6e197b2c416e2c592b9.jpg,Drowsy,0.9998059868812561,User Input
20260306_134256,108_1_2_7_139_108_1_png.rf.5c32dbad2d21a6e197b2c416e2c592b9.jpg,C:\Users\SHRUTHI MANCHE\OneDrive\Desktop\Lahari\majorproject 20\labels\drowsy\20260306_134256_108_1_2_7_139_108_1_png.rf.5c32dbad2d21a6e197b2c416e2c592b9.jpg,Drowsy,0.9999443292617798,User Input
20260306_134321,103_2_2_3_175_2_1_png.rf.dd6aaf2bc68bf0ed32abde5bcb0d8ef8.jpg,C:\Users\SHRUTHI MANCHE\OneDrive\Desktop\Lahari\majorproject 20\labels\drowsy\20260306_134321_103_2_2_3_175_2_1_png.rf.dd6aaf2bc68bf0ed32abde5bcb0d8ef8.jpg,Drowsy,0.6337913274765015,User Input
20260306_134352,112_2_1_5_1_1_png.rf.67ab69198ff4e39769c12e1e6d4ffa9d.jpg,C:\Users\SHRUTHI MANCHE\OneDrive\Desktop\Lahari\majorproject 20\labels\alert\20260306_134352_112_2_1_5_1_1_png.rf.67ab69198ff4e39769c12e1e6d4ffa9d.jpg,Alert,0.9641510844230652,User Input
20260306_134440,112_1_1_6_1_1_m_png.rf.ec2bd1bad8370e319476fcf39a91ef6e.jpg,C:\Users\SHRUTHI MANCHE\OneDrive\Desktop\Lahari\majorproject 20\labels\alert\20260306_134440_112_1_1_6_1_1_m_png.rf.ec2bd1bad8370e319476fcf39a91ef6e.jpg,Alert,0.9981880784034729,User Input
20260306_134523,101_1_2_1_101_100_1_m_png.rf.3a965da16e2c3bce37aee5ed682cb8cc.jpg,C:\Users\SHRUTHI MANCHE\OneDrive\Desktop\Lahari\majorproject 20\labels\alert\20260306_134523_101_1_2_1_101_100_1_m_png.rf.3a965da16e2c3bce37aee5ed682cb8cc.jpg,Alert,0.9481619596481323,User Input
20260306_134628,103_2_2_3_175_2_1_png.rf.dd6aaf2bc68bf0ed32abde5bcb0d8ef8.jpg,C:\Users\SHRUTHI MANCHE\OneDrive\Desktop\Lahari\majorproject 20\labels\drowsy\20260306_134628_103_2_2_3_175_2_1_png.rf.dd6aaf2bc68bf0ed32abde5bcb0d8ef8.jpg,Drowsy,0.6337913274765015,User Input
20260306_134637,103_2_2_3_175_2_1_png.rf.dd6aaf2bc68bf0ed32abde5bcb0d8ef8.jpg,C:\Users\SHRUTHI MANCHE\OneDrive\Desktop\Lahari\majorproject 20\labels\drowsy\20260306_134637_103_2_2_3_175_2_1_png.rf.dd6aaf2bc68bf0ed32abde5bcb0d8ef8.jpg,Drowsy,0.933077871799469,User Input
20260306_134704,103_2_2_3_175_2_1_png.rf.dd6aaf2bc68bf0ed32abde5bcb0d8ef8.jpg,C:\Users\SHRUTHI MANCHE\OneDrive\Desktop\Lahari\majorproject 20\labels\drowsy\20260306_134704_103_2_2_3_175_2_1_png.rf.dd6aaf2bc68bf0ed32abde5bcb0d8ef8.jpg,Drowsy,0.6337913274765015,User Input
20260306_134711,103_2_2_3_175_2_1_png.rf.dd6aaf2bc68bf0ed32abde5bcb0d8ef8.jpg,C:\Users\SHRUTHI MANCHE\OneDrive\Desktop\Lahari\majorproject 20\labels\drowsy\20260306_134711_103_2_2_3_175_2_1_png.rf.dd6aaf2bc68bf0ed32abde5bcb0d8ef8.jpg,Drowsy,0.933077871799469,User Input
20260306_134817,103_2_2_3_175_2_1_png.rf.dd6aaf2bc68bf0ed32abde5bcb0d8ef8.jpg,C:\Users\SHRUTHI MANCHE\OneDrive\Desktop\Lahari\majorproject 20\labels\drowsy\20260306_134817_103_2_2_3_175_2_1_png.rf.dd6aaf2bc68bf0ed32abde5bcb0d8ef8.jpg,Drowsy,0.7936153411865234,User Input
20260306_134825,103_2_2_3_175_2_1_png.rf.dd6aaf2bc68bf0ed32abde5bcb0d8ef8.jpg,C:\Users\SHRUTHI MANCHE\OneDrive\Desktop\Lahari\majorproject 20\labels\drowsy\20260306_134825_103_2_2_3_175_2_1_png.rf.dd6aaf2bc68bf0ed32abde5bcb0d8ef8.jpg,Drowsy,0.933077871799469,User Input
20260306_134832,103_2_2_3_175_2_1_png.rf.dd6aaf2bc68bf0ed32abde5bcb0d8ef8.jpg,C:\Users\SHRUTHI MANCHE\OneDrive\Desktop\Lahari\majorproject 20\labels\drowsy\20260306_134832_103_2_2_3_175_2_1_png.rf.dd6aaf2bc68bf0ed32abde5bcb0d8ef8.jpg,Drowsy,0.7936153411865234,User Input
20260306_135008,103_2_2_3_175_2_1_png.rf.dd6aaf2bc68bf0ed32abde5bcb0d8ef8.jpg,C:\Users\SHRUTHI MANCHE\OneDrive\Desktop\Lahari\majorproject 20\labels\drowsy\20260306_135008_103_2_2_3_175_2_1_png.rf.dd6aaf2bc68bf0ed32abde5bcb0d8ef8.jpg,Drowsy,0.9222813248634338,User Input
20260306_135022,103_2_2_3_175_2_1_png.rf.dd6aaf2bc68bf0ed32abde5bcb0d8ef8.jpg,C:\Users\SHRUTHI MANCHE\OneDrive\Desktop\Lahari\majorproject 20\labels\drowsy\20260306_135022_103_2_2_3_175_2_1_png.rf.dd6aaf2bc68bf0ed32abde5bcb0d8ef8.jpg,Drowsy,0.9184154272079468,User Input
20260306_135043,103_2_2_3_175_2_1_png.rf.dd6aaf2bc68bf0ed32abde5bcb0d8ef8.jpg,C:\Users\SHRUTHI MANCHE\OneDrive\Desktop\Lahari\majorproject 20\labels\drowsy\20260306_135043_103_2_2_3_175_2_1_png.rf.dd6aaf2bc68bf0ed32abde5bcb0d8ef8.jpg,Drowsy,0.9311692714691162,User Input
20260306_135045,103_2_2_3_175_2_1_png.rf.dd6aaf2bc68bf0ed32abde5bcb0d8ef8.jpg,C:\Users\SHRUTHI MANCHE\OneDrive\Desktop\Lahari\majorproject 20\labels\drowsy\20260306_135045_103_2_2_3_175_2_1_png.rf.dd6aaf2bc68bf0ed32abde5bcb0d8ef8.jpg,Drowsy,0.9311692714691162,User Input
20260306_135054,103_2_2_3_175_2_1_png.rf.dd6aaf2bc68bf0ed32abde5bcb0d8ef8.jpg,C:\Users\SHRUTHI MANCHE\OneDrive\Desktop\Lahari\majorproject 20\labels\drowsy\20260306_135054_103_2_2_3_175_2_1_png.rf.dd6aaf2bc68bf0ed32abde5bcb0d8ef8.jpg,Drowsy,0.9483378529548645,User Input
20260306_135204,103_2_2_3_175_2_1_png.rf.dd6aaf2bc68bf0ed32abde5bcb0d8ef8.jpg,C:\Users\SHRUTHI MANCHE\OneDrive\Desktop\Lahari\majorproject 20\labels\drowsy\20260306_135204_103_2_2_3_175_2_1_png.rf.dd6aaf2bc68bf0ed32abde5bcb0d8ef8.jpg,Drowsy,0.933077871799469,User Input
20260306_135226,103_2_2_3_175_2_1_png.rf.dd6aaf2bc68bf0ed32abde5bcb0d8ef8.jpg,C:\Users\SHRUTHI MANCHE\OneDrive\Desktop\Lahari\majorproject 20\labels\drowsy\20260306_135226_103_2_2_3_175_2_1_png.rf.dd6aaf2bc68bf0ed32abde5bcb0d8ef8.jpg,Drowsy,0.7936153411865234,User Input
20260306_152219,103_1_1_9_1_1_png.rf.a9ab9f4ba2f58eed29bd81beb7c3a2bd.jpg,C:\Users\SHRUTHI MANCHE\OneDrive\Desktop\Lahari\majorproject 20\labels\alert\20260306_152219_103_1_1_9_1_1_png.rf.a9ab9f4ba2f58eed29bd81beb7c3a2bd.jpg,Alert,0.99595707654953,User Input
20260306_152257,107_2_1_1_1_1_m_png.rf.306f4439301f537cccd30044cc3745db.jpg,C:\Users\SHRUTHI MANCHE\OneDrive\Desktop\Lahari\majorproject 20\labels\drowsy\20260306_152257_107_2_1_1_1_1_m_png.rf.306f4439301f537cccd30044cc3745db.jpg,Drowsy,0.9998470544815063,User Input
20260306_152316,107_2_1_1_1_1_m_png.rf.306f4439301f537cccd30044cc3745db.jpg,C:\Users\SHRUTHI MANCHE\OneDrive\Desktop\Lahari\majorproject 20\labels\drowsy\20260306_152316_107_2_1_1_1_1_m_png.rf.306f4439301f537cccd30044cc3745db.jpg,Drowsy,0.9999239444732666,User Input
20260313_171005,130_2_2_5_109_31_1_png.rf.ecee20c20e4b985088e976e841269ee4.jpg,C:\Users\SHRUTHI MANCHE\Downloads\Lahari\majorproject 20\labels\alert\20260313_171005_130_2_2_5_109_31_1_png.rf.ecee20c20e4b985088e976e841269ee4.jpg,Alert,0.8273050785064697,User Input
20260313_171328,130_2_2_5_109_31_1_png.rf.ecee20c20e4b985088e976e841269ee4.jpg,C:\Users\SHRUTHI MANCHE\Downloads\Lahari\majorproject 20\labels\alert\20260313_171328_130_2_2_5_109_31_1_png.rf.ecee20c20e4b985088e976e841269ee4.jpg,Alert,0.7253409028053284,User Input
20260313_171441,130_2_2_5_109_31_1_png.rf.ecee20c20e4b985088e976e841269ee4.jpg,C:\Users\SHRUTHI MANCHE\Downloads\Lahari\majorproject 20\labels\alert\20260313_171441_130_2_2_5_109_31_1_png.rf.ecee20c20e4b985088e976e841269ee4.jpg,Alert,0.99870765209198,User Input
20260313_171443,130_2_2_5_109_31_1_png.rf.ecee20c20e4b985088e976e841269ee4.jpg,C:\Users\SHRUTHI MANCHE\Downloads\Lahari\majorproject 20\labels\alert\20260313_171443_130_2_2_5_109_31_1_png.rf.ecee20c20e4b985088e976e841269ee4.jpg,Alert,0.99870765209198,User Input
20260313_171512,130_2_1_1_1_1_png.rf.14fdbd4e81a45e4d196aa93640852c13.jpg,C:\Users\SHRUTHI MANCHE\Downloads\Lahari\majorproject 20\labels\alert\20260313_171512_130_2_1_1_1_1_png.rf.14fdbd4e81a45e4d196aa93640852c13.jpg,Alert,0.9997435212135315,User Input
20260313_171614,130_1_1_6_1_1_png.rf.89214e9f2dbb1850b3222422f0a573c5.jpg,C:\Users\SHRUTHI MANCHE\Downloads\Lahari\majorproject 20\labels\alert\20260313_171614_130_1_1_6_1_1_png.rf.89214e9f2dbb1850b3222422f0a573c5.jpg,Alert,0.999976634979248,User Input
20260313_171627,130_1_1_6_1_1_png.rf.89214e9f2dbb1850b3222422f0a573c5.jpg,C:\Users\SHRUTHI MANCHE\Downloads\Lahari\majorproject 20\labels\alert\20260313_171627_130_1_1_6_1_1_png.rf.89214e9f2dbb1850b3222422f0a573c5.jpg,Alert,0.9984512329101562,User Input
20260313_171649,130_2_2_3_101_153_1_png.rf.00c123b6bf48053325f967ec917967c7.jpg,C:\Users\SHRUTHI MANCHE\Downloads\Lahari\majorproject 20\labels\alert\20260313_171649_130_2_2_3_101_153_1_png.rf.00c123b6bf48053325f967ec917967c7.jpg,Alert,0.9991757273674011,User Input
20260313_171713,128_2_1_4_1_1_png.rf.610fd34ca7598ef77ec776f413c76c2c.jpg,C:\Users\SHRUTHI MANCHE\Downloads\Lahari\majorproject 20\labels\drowsy\20260313_171713_128_2_1_4_1_1_png.rf.610fd34ca7598ef77ec776f413c76c2c.jpg,Drowsy,0.9992008805274963,User Input
20260313_171749,128_2_1_4_1_1_png.rf.610fd34ca7598ef77ec776f413c76c2c.jpg,C:\Users\SHRUTHI MANCHE\Downloads\Lahari\majorproject 20\labels\drowsy\20260313_171749_128_2_1_4_1_1_png.rf.610fd34ca7598ef77ec776f413c76c2c.jpg,Drowsy,0.9992008805274963,User Input
20260313_171814,nabilheat2_JPG.rf.0b6119aa84e7d449897aac3074958576.jpg,C:\Users\SHRUTHI MANCHE\Downloads\Lahari\majorproject 20\labels\alert\20260313_171814_nabilheat2_JPG.rf.0b6119aa84e7d449897aac3074958576.jpg,Alert,0.9842149615287781,User Input
20260313_171840,109_2_1_3_450_1_m_png.rf.8a4f2655a2a1901df220bf92bd45fb00.jpg,C:\Users\SHRUTHI MANCHE\Downloads\Lahari\majorproject 20\labels\drowsy\20260313_171840_109_2_1_3_450_1_m_png.rf.8a4f2655a2a1901df220bf92bd45fb00.jpg,Drowsy,0.569210410118103,User Input
20260313_172050,109_2_1_3_450_1_m_png.rf.8a4f2655a2a1901df220bf92bd45fb00.jpg,C:\Users\SHRUTHI MANCHE\Downloads\Lahari\majorproject 20\labels\alert\20260313_172050_109_2_1_3_450_1_m_png.rf.8a4f2655a2a1901df220bf92bd45fb00.jpg,Alert,0.8554134964942932,User Input
20260313_172054,109_2_1_3_450_1_m_png.rf.8a4f2655a2a1901df220bf92bd45fb00.jpg,C:\Users\SHRUTHI MANCHE\Downloads\Lahari\majorproject 20\labels\alert\20260313_172054_109_2_1_3_450_1_m_png.rf.8a4f2655a2a1901df220bf92bd45fb00.jpg,Alert,0.8554134964942932,User Input
20260313_172055,109_2_1_3_450_1_m_png.rf.8a4f2655a2a1901df220bf92bd45fb00.jpg,C:\Users\SHRUTHI MANCHE\Downloads\Lahari\majorproject 20\labels\alert\20260313_172055_109_2_1_3_450_1_m_png.rf.8a4f2655a2a1901df220bf92bd45fb00.jpg,Alert,0.8554134964942932,User Input
20260313_172057,109_2_1_3_450_1_m_png.rf.8a4f2655a2a1901df220bf92bd45fb00.jpg,C:\Users\SHRUTHI MANCHE\Downloads\Lahari\majorproject 20\labels\alert\20260313_172057_109_2_1_3_450_1_m_png.rf.8a4f2655a2a1901df220bf92bd45fb00.jpg,Alert,0.8554134964942932,User Input
20260313_172058,109_2_1_3_450_1_m_png.rf.8a4f2655a2a1901df220bf92bd45fb00.jpg,C:\Users\SHRUTHI MANCHE\Downloads\Lahari\majorproject 20\labels\alert\20260313_172058_109_2_1_3_450_1_m_png.rf.8a4f2655a2a1901df220bf92bd45fb00.jpg,Alert,0.8554134964942932,User Input
20260313_172058,109_2_1_3_450_1_m_png.rf.8a4f2655a2a1901df220bf92bd45fb00.jpg,C:\Users\SHRUTHI MANCHE\Downloads\Lahari\majorproject 20\labels\alert\20260313_172058_109_2_1_3_450_1_m_png.rf.8a4f2655a2a1901df220bf92bd45fb00.jpg,Alert,0.8554134964942932,User Input
20260313_172059,109_2_1_3_450_1_m_png.rf.8a4f2655a2a1901df220bf92bd45fb00.jpg,C:\Users\SHRUTHI MANCHE\Downloads\Lahari\majorproject 20\labels\alert\20260313_172059_109_2_1_3_450_1_m_png.rf.8a4f2655a2a1901df220bf92bd45fb00.jpg,Alert,0.8554134964942932,User Input
20260313_172103,109_2_1_3_450_1_m_png.rf.8a4f2655a2a1901df220bf92bd45fb00.jpg,C:\Users\SHRUTHI MANCHE\Downloads\Lahari\majorproject 20\labels\alert\20260313_172103_109_2_1_3_450_1_m_png.rf.8a4f2655a2a1901df220bf92bd45fb00.jpg,Alert,0.8554134964942932,User Input
20260313_172116,109_2_1_3_450_1_m_png.rf.8a4f2655a2a1901df220bf92bd45fb00.jpg,C:\Users\SHRUTHI MANCHE\Downloads\Lahari\majorproject 20\labels\drowsy\20260313_172116_109_2_1_3_450_1_m_png.rf.8a4f2655a2a1901df220bf92bd45fb00.jpg,Drowsy,0.569210410118103,User Input
20260313_172156,racha1_JPG.rf.7cca093832ac97fc3ce87808928bef74.jpg,C:\Users\SHRUTHI MANCHE\Downloads\Lahari\majorproject 20\labels\alert\20260313_172156_racha1_JPG.rf.7cca093832ac97fc3ce87808928bef74.jpg,Alert,0.7226808667182922,User Input
20260313_172213,racha1_JPG.rf.7cca093832ac97fc3ce87808928bef74.jpg,C:\Users\SHRUTHI MANCHE\Downloads\Lahari\majorproject 20\labels\alert\20260313_172213_racha1_JPG.rf.7cca093832ac97fc3ce87808928bef74.jpg,Alert,0.8410816192626953,User Input
20260313_172224,racha1_JPG.rf.7cca093832ac97fc3ce87808928bef74.jpg,C:\Users\SHRUTHI MANCHE\Downloads\Lahari\majorproject 20\labels\alert\20260313_172224_racha1_JPG.rf.7cca093832ac97fc3ce87808928bef74.jpg,Alert,0.9461454749107361,User Input
20260313_172235,racha1_JPG.rf.7cca093832ac97fc3ce87808928bef74.jpg,C:\Users\SHRUTHI MANCHE\Downloads\Lahari\majorproject 20\labels\alert\20260313_172235_racha1_JPG.rf.7cca093832ac97fc3ce87808928bef74.jpg,Alert,0.821317195892334,User Input
20260313_172242,racha1_JPG.rf.7cca093832ac97fc3ce87808928bef74.jpg,C:\Users\SHRUTHI MANCHE\Downloads\Lahari\majorproject 20\labels\alert\20260313_172242_racha1_JPG.rf.7cca093832ac97fc3ce87808928bef74.jpg,Alert,0.9461454749107361,User Input
20260313_212800,A.jpg,C:\Users\SHRUTHI MANCHE\Downloads\Lahari\majorproject 20\labels\drowsy\20260313_212800_A.jpg,Drowsy,0.9718859195709229,User Input
20260313_213333,107_2_1_6_1_1_png.rf.49cca6a3b59a7a59d68f5c872fc35252.jpg,C:\Users\SHRUTHI MANCHE\Downloads\Lahari\majorproject 20\labels\drowsy\20260313_213333_107_2_1_6_1_1_png.rf.49cca6a3b59a7a59d68f5c872fc35252.jpg,Drowsy,0.9419812560081482,User Input
20260313_215942,128_2_1_8_1_1_m_png.rf.251fce71bfdcaab24466d313ffc22429.jpg,C:\Users\SHRUTHI MANCHE\Downloads\Lahari\majorproject 20\labels\alert\20260313_215942_128_2_1_8_1_1_m_png.rf.251fce71bfdcaab24466d313ffc22429.jpg,Alert,0.999680757522583,User Input
20260313_220001,A.jpg,C:\Users\SHRUTHI MANCHE\Downloads\Lahari\majorproject 20\labels\drowsy\20260313_220001_A.jpg,Drowsy,0.9718859195709229,User Input
20260313_222255,A.jpg,C:\Users\SHRUTHI MANCHE\Downloads\Lahari\majorproject 20\labels\drowsy\20260313_222255_A.jpg,Drowsy,0.9718859195709229,User Input
20260313_222538,A.jpg,C:\Users\SHRUTHI MANCHE\Downloads\Lahari\majorproject 20\labels\drowsy\20260313_222538_A.jpg,Drowsy,0.9718859195709229,User Input
20260313_223254,A.jpg,C:\Users\SHRUTHI MANCHE\Downloads\Lahari\majorproject 20\labels\drowsy\20260313_223254_A.jpg,Drowsy,0.9718859195709229,User Input
20260313_223554,A.jpg,C:\Users\SHRUTHI MANCHE\Downloads\Lahari\majorproject 20\labels\drowsy\20260313_223554_A.jpg,Drowsy,0.9718859195709229,User Input
20260313_223741,A.jpg,C:\Users\SHRUTHI MANCHE\Downloads\Lahari\majorproject 20\labels\drowsy\20260313_223741_A.jpg,Drowsy,0.9994614720344543,User Input
20260313_224052,A.jpg,C:\Users\SHRUTHI MANCHE\Downloads\Lahari\majorproject 20\labels\drowsy\20260313_224052_A.jpg,Drowsy,0.9994614720344543,User Input
20260313_224330,A.jpg,C:\Users\SHRUTHI MANCHE\Downloads\Lahari\majorproject 20\labels\drowsy\20260313_224330_A.jpg,Drowsy,0.9994614720344543,User Input
20260313_224716,128_2_2_4_14_39_1_png.rf.954b24065d4d3cbf1f7f3c1aff4a24c2.jpg,C:\Users\SHRUTHI MANCHE\Downloads\Lahari\majorproject 20\labels\alert\20260313_224716_128_2_2_4_14_39_1_png.rf.954b24065d4d3cbf1f7f3c1aff4a24c2.jpg,Alert,0.9999738931655884,User Input
20260313_230250,127_2_1_8_1_1_png.rf.27c6f7f2a42b8a5b91bc821922eb30ec.jpg,C:\Users\SHRUTHI MANCHE\Downloads\Lahari\majorproject 20\labels\alert\20260313_230250_127_2_1_8_1_1_png.rf.27c6f7f2a42b8a5b91bc821922eb30ec.jpg,Alert,0.9997419714927673,User Input
20260313_230317,130_2_1_9_1_1_m_png.rf.0341c336dfdad388c7b38f4a1b37599a.jpg,C:\Users\SHRUTHI MANCHE\Downloads\Lahari\majorproject 20\labels\alert\20260313_230317_130_2_1_9_1_1_m_png.rf.0341c336dfdad388c7b38f4a1b37599a.jpg,Alert,0.9999872446060181,User Input
20260313_230337,130_2_1_4_1_1_png.rf.93a6f574bc477942a3e06e3b5e7edd8b.jpg,C:\Users\SHRUTHI MANCHE\Downloads\Lahari\majorproject 20\labels\alert\20260313_230337_130_2_1_4_1_1_png.rf.93a6f574bc477942a3e06e3b5e7edd8b.jpg,Alert,0.9999707937240601,User Input
20260313_230402,128_1_1_9_816_1_m_png.rf.2cab4055656503ccc8d3bf7cc6e7f5c8.jpg,C:\Users\SHRUTHI MANCHE\Downloads\Lahari\majorproject 20\labels\alert\20260313_230402_128_1_1_9_816_1_m_png.rf.2cab4055656503ccc8d3bf7cc6e7f5c8.jpg,Alert,0.9990697503089905,User Input
20260313_230431,122_1_2_8_16_113_1_m_png.rf.3c32e7a9a9159857d0479e4e9f3879e1.jpg,C:\Users\SHRUTHI MANCHE\Downloads\Lahari\majorproject 20\labels\drowsy\20260313_230431_122_1_2_8_16_113_1_m_png.rf.3c32e7a9a9159857d0479e4e9f3879e1.jpg,Drowsy,0.999382734298706,User Input
20260313_230456,122_1_2_8_16_113_1_m_png.rf.3c32e7a9a9159857d0479e4e9f3879e1.jpg,C:\Users\SHRUTHI MANCHE\Downloads\Lahari\majorproject 20\labels\drowsy\20260313_230456_122_1_2_8_16_113_1_m_png.rf.3c32e7a9a9159857d0479e4e9f3879e1.jpg,Drowsy,0.999382734298706,User Input
20260313_230458,122_1_2_8_16_113_1_m_png.rf.3c32e7a9a9159857d0479e4e9f3879e1.jpg,C:\Users\SHRUTHI MANCHE\Downloads\Lahari\majorproject 20\labels\drowsy\20260313_230458_122_1_2_8_16_113_1_m_png.rf.3c32e7a9a9159857d0479e4e9f3879e1.jpg,Drowsy,0.999382734298706,User Input
20260313_230459,122_1_2_8_16_113_1_m_png.rf.3c32e7a9a9159857d0479e4e9f3879e1.jpg,C:\Users\SHRUTHI MANCHE\Downloads\Lahari\majorproject 20\labels\drowsy\20260313_230459_122_1_2_8_16_113_1_m_png.rf.3c32e7a9a9159857d0479e4e9f3879e1.jpg,Drowsy,0.999382734298706,User Input
20260313_230500,122_1_2_8_16_113_1_m_png.rf.3c32e7a9a9159857d0479e4e9f3879e1.jpg,C:\Users\SHRUTHI MANCHE\Downloads\Lahari\majorproject 20\labels\drowsy\20260313_230500_122_1_2_8_16_113_1_m_png.rf.3c32e7a9a9159857d0479e4e9f3879e1.jpg,Drowsy,0.999382734298706,User Input
20260313_230501,122_1_2_8_16_113_1_m_png.rf.3c32e7a9a9159857d0479e4e9f3879e1.jpg,C:\Users\SHRUTHI MANCHE\Downloads\Lahari\majorproject 20\labels\drowsy\20260313_230501_122_1_2_8_16_113_1_m_png.rf.3c32e7a9a9159857d0479e4e9f3879e1.jpg,Drowsy,0.999382734298706,User Input
20260313_230502,122_1_2_8_16_113_1_m_png.rf.3c32e7a9a9159857d0479e4e9f3879e1.jpg,C:\Users\SHRUTHI MANCHE\Downloads\Lahari\majorproject 20\labels\drowsy\20260313_230502_122_1_2_8_16_113_1_m_png.rf.3c32e7a9a9159857d0479e4e9f3879e1.jpg,Drowsy,0.999382734298706,User Input
20260313_230503,122_1_2_8_16_113_1_m_png.rf.3c32e7a9a9159857d0479e4e9f3879e1.jpg,C:\Users\SHRUTHI MANCHE\Downloads\Lahari\majorproject 20\labels\drowsy\20260313_230503_122_1_2_8_16_113_1_m_png.rf.3c32e7a9a9159857d0479e4e9f3879e1.jpg,Drowsy,0.999382734298706,User Input
20260313_230517,122_1_2_8_16_113_1_m_png.rf.3c32e7a9a9159857d0479e4e9f3879e1.jpg,C:\Users\SHRUTHI MANCHE\Downloads\Lahari\majorproject 20\labels\drowsy\20260313_230517_122_1_2_8_16_113_1_m_png.rf.3c32e7a9a9159857d0479e4e9f3879e1.jpg,Drowsy,0.999607264995575,User Input
20260313_232911,rim3_JPG.rf.6ee8848fee8ab49dcee147d6c970d113.jpg,C:\Users\SHRUTHI MANCHE\Downloads\Lahari\majorproject 20\labels\alert\20260313_232911_rim3_JPG.rf.6ee8848fee8ab49dcee147d6c970d113.jpg,Alert,0.9994919300079346,User Input
20260313_232939,rim3_JPG.rf.6ee8848fee8ab49dcee147d6c970d113.jpg,C:\Users\SHRUTHI MANCHE\Downloads\Lahari\majorproject 20\labels\alert\20260313_232939_rim3_JPG.rf.6ee8848fee8ab49dcee147d6c970d113.jpg,Alert,0.9994919300079346,User Input
20260313_232947,rim3_JPG.rf.6ee8848fee8ab49dcee147d6c970d113.jpg,C:\Users\SHRUTHI MANCHE\Downloads\Lahari\majorproject 20\labels\alert\20260313_232947_rim3_JPG.rf.6ee8848fee8ab49dcee147d6c970d113.jpg,Alert,0.9994919300079346,User Input
20260313_232953,rim3_JPG.rf.6ee8848fee8ab49dcee147d6c970d113.jpg,C:\Users\SHRUTHI MANCHE\Downloads\Lahari\majorproject 20\labels\alert\20260313_232953_rim3_JPG.rf.6ee8848fee8ab49dcee147d6c970d113.jpg,Alert,0.9994919300079346,User Input
20260313_233231,rim2_JPG.rf.ad7584034a56449d59ab96caf4fcf67b.jpg,C:\Users\SHRUTHI MANCHE\Downloads\Lahari\majorproject 20\labels\alert\20260313_233231_rim2_JPG.rf.ad7584034a56449d59ab96caf4fcf67b.jpg,Alert,0.9641937613487244,User Input
20260313_233249,130_1_1_9_1_1_png.rf.e01ed33208d11ab2066778b006fb3e96.jpg,C:\Users\SHRUTHI MANCHE\Downloads\Lahari\majorproject 20\labels\alert\20260313_233249_130_1_1_9_1_1_png.rf.e01ed33208d11ab2066778b006fb3e96.jpg,Alert,0.9948594570159912,User Input
20260313_233252,130_1_1_9_1_1_png.rf.e01ed33208d11ab2066778b006fb3e96.jpg,C:\Users\SHRUTHI MANCHE\Downloads\Lahari\majorproject 20\labels\alert\20260313_233252_130_1_1_9_1_1_png.rf.e01ed33208d11ab2066778b006fb3e96.jpg,Alert,0.9948594570159912,User Input
20260313_233326,110_1_2_8_109_54_1_png.rf.3a10ac2091aaffc20808b0604da5d8e2.jpg,C:\Users\SHRUTHI MANCHE\Downloads\Lahari\majorproject 20\labels\alert\20260313_233326_110_1_2_8_109_54_1_png.rf.3a10ac2091aaffc20808b0604da5d8e2.jpg,Alert,0.9817349314689636,User Input
20260313_233346,ali4_JPG.rf.1567b7b43ede7ed4c3dd690a2877ee33.jpg,C:\Users\SHRUTHI MANCHE\Downloads\Lahari\majorproject 20\labels\alert\20260313_233346_ali4_JPG.rf.1567b7b43ede7ed4c3dd690a2877ee33.jpg,Alert,0.9998311996459961,User Input
20260313_233408,A.jpg,C:\Users\SHRUTHI MANCHE\Downloads\Lahari\majorproject 20\labels\drowsy\20260313_233408_A.jpg,Drowsy,0.9718859195709229,User Input
20260313_233417,A.jpg,C:\Users\SHRUTHI MANCHE\Downloads\Lahari\majorproject 20\labels\drowsy\20260313_233417_A.jpg,Drowsy,0.9718859195709229,User Input
20260313_233850,A.jpg,C:\Users\SHRUTHI MANCHE\Downloads\Lahari\majorproject 20\labels\drowsy\20260313_233850_A.jpg,Drowsy,0.9718859195709229,User Input
20260313_234327,A.jpg,C:\Users\SHRUTHI MANCHE\Downloads\Lahari\majorproject 20\labels\drowsy\20260313_234327_A.jpg,Drowsy,0.9718859195709229,User Input
20260313_234641,A.jpg,C:\Users\SHRUTHI MANCHE\Downloads\Lahari\majorproject 20\labels\drowsy\20260313_234641_A.jpg,Drowsy,0.9718859195709229,User Input
20260313_235815,A.jpg,C:\Users\SHRUTHI MANCHE\Downloads\Lahari\majorproject 20\labels\drowsy\20260313_235815_A.jpg,Drowsy,0.9718859195709229,User Input
20260314_000649,A.jpg,C:\Users\SHRUTHI MANCHE\Downloads\Lahari\majorproject 20\labels\drowsy\20260314_000649_A.jpg,Drowsy,0.9992725253105164,User Input
20260314_002017,A.jpg,C:\Users\SHRUTHI MANCHE\Downloads\Lahari\majorproject 20\labels\drowsy\20260314_002017_A.jpg,Drowsy,0.9718859195709229,User Input
20260314_002618,A.jpg,C:\Users\SHRUTHI MANCHE\Downloads\Lahari\majorproject 20\labels\drowsy\20260314_002618_A.jpg,Drowsy,0.9992725253105164,User Input
20260314_002627,A.jpg,C:\Users\SHRUTHI MANCHE\Downloads\Lahari\majorproject 20\labels\drowsy\20260314_002627_A.jpg,Drowsy,0.9718859195709229,User Input
20260314_003307,A.jpg,C:\Users\SHRUTHI MANCHE\Downloads\Lahari\majorproject 20\labels\drowsy\20260314_003307_A.jpg,Drowsy,0.9994614720344543,User Input
20260314_003846,20260314_003307_A.jpg,C:\Users\SHRUTHI MANCHE\Downloads\Lahari\majorproject 20\labels\drowsy\20260314_003846_20260314_003307_A.jpg,Drowsy,0.9996556043624878,User Input
20260314_004452,A.jpg,C:\Users\SHRUTHI MANCHE\Downloads\Lahari\majorproject 20\labels\drowsy\20260314_004452_A.jpg,Drowsy,0.9994614720344543,User Input
20260314_004643,20260314_003846_20260314_003307_A.jpg,C:\Users\SHRUTHI MANCHE\Downloads\Lahari\majorproject 20\labels\drowsy\20260314_004643_20260314_003846_20260314_003307_A.jpg,Drowsy,0.9996597766876221,User Input
20260314_005830,20260108_112537_123_2_2_6_162_29_1_png.rf.947fb5d7105e8dbd94081905200fe0ce.jpg,C:\Users\SHRUTHI MANCHE\Downloads\Lahari\majorproject 20\labels\drowsy\20260314_005830_20260108_112537_123_2_2_6_162_29_1_png.rf.947fb5d7105e8dbd94081905200fe0ce.jpg,Drowsy,0.9991218447685242,User Input
20260314_011627,20260108_112401_123_2_2_6_162_29_1_png.rf.947fb5d7105e8dbd94081905200fe0ce.jpg,C:\Users\SHRUTHI MANCHE\Downloads\Lahari\majorproject 20\labels\drowsy\20260314_011627_20260108_112401_123_2_2_6_162_29_1_png.rf.947fb5d7105e8dbd94081905200fe0ce.jpg,Drowsy,0.9129139184951782,User Input
20260314_011656,20260314_011627_20260108_112401_123_2_2_6_162_29_1_png.rf.947fb5d7105e8dbd94081905200fe0ce.jpg,C:\Users\SHRUTHI MANCHE\Downloads\Lahari\majorproject 20\labels\drowsy\20260314_011656_20260314_011627_20260108_112401_123_2_2_6_162_29_1_png.rf.947fb5d7105e8dbd94081905200fe0ce.jpg,Drowsy,0.913755476474762,User Input
20260314_011714,20260314_005830_20260108_112537_123_2_2_6_162_29_1_png.rf.947fb5d7105e8dbd94081905200fe0ce.jpg,C:\Users\SHRUTHI MANCHE\Downloads\Lahari\majorproject 20\labels\drowsy\20260314_011714_20260314_005830_20260108_112537_123_2_2_6_162_29_1_png.rf.947fb5d7105e8dbd94081905200fe0ce.jpg,Drowsy,0.913755476474762,User Input
20260314_072756,20260314_005830_20260108_112537_123_2_2_6_162_29_1_png.rf.947fb5d7105e8dbd94081905200fe0ce.jpg,C:\Users\SHRUTHI MANCHE\Downloads\Lahari\majorproject 20\labels\drowsy\20260314_072756_20260314_005830_20260108_112537_123_2_2_6_162_29_1_png.rf.947fb5d7105e8dbd94081905200fe0ce.jpg,Drowsy,0.9991266131401062,User Input
20260314_082257,20260314_072756_20260314_005830_20260108_112537_123_2_2_6_162_29_1_png.rf.947fb5d7105e8dbd94081905200fe0ce.jpg,C:\Users\SHRUTHI MANCHE\Downloads\Lahari\majorproject 20\labels\drowsy\20260314_082257_20260314_072756_20260314_005830_20260108_112537_123_2_2_6_162_29_1_png.rf.947fb5d7105e8dbd94081905200fe0ce.jpg,Drowsy,0.999123752117157,User Input
20260314_094208,20260314_072756_20260314_005830_20260108_112537_123_2_2_6_162_29_1_png.rf.947fb5d7105e8dbd94081905200fe0ce.jpg,C:\Users\SHRUTHI MANCHE\Downloads\Lahari\majorproject 20\labels\drowsy\20260314_094208_20260314_072756_20260314_005830_20260108_112537_123_2_2_6_162_29_1_png.rf.947fb5d7105e8dbd94081905200fe0ce.jpg,Drowsy,0.9133784174919128,User Input
20260314_094422,120_2_2_1_165_113_1_png.rf.7b28a926f5097deb462f727e94ac74ac.jpg,C:\Users\SHRUTHI MANCHE\Downloads\Lahari\majorproject 20\labels\drowsy\20260314_094422_120_2_2_1_165_113_1_png.rf.7b28a926f5097deb462f727e94ac74ac.jpg,Drowsy,0.9999303817749023,User Input
20260314_112713,D.jpg,C:\Users\SHRUTHI MANCHE\Downloads\Lahari\majorproject 20\labels\drowsy\20260314_112713_D.jpg,Drowsy,0.9999406337738037,User Input
20260314_115759,D.jpg,C:\Users\SHRUTHI MANCHE\Downloads\Lahari\majorproject 20\labels\drowsy\20260314_115759_D.jpg,Drowsy,0.9999406337738037,User Input
20260314_124310,rim2_JPG.rf.ad7584034a56449d59ab96caf4fcf67b.jpg,C:\Users\SHRUTHI MANCHE\Downloads\Lahari\majorproject 20\labels\alert\20260314_124310_rim2_JPG.rf.ad7584034a56449d59ab96caf4fcf67b.jpg,Alert,0.9901385307312012,User Input
20260314_124351,D.jpg,C:\Users\SHRUTHI MANCHE\Downloads\Lahari\majorproject 20\labels\drowsy\20260314_124351_D.jpg,Drowsy,0.9999865293502808,User Input
20260317_211415,130_2_2_1_113_2_1_m_png.rf.8e86a2aed068462fc25f676e95ca10d1.jpg,C:\Users\vinay\OneDrive\Desktop\MP_FINAL_12\labels\alert\20260317_211415_130_2_2_1_113_2_1_m_png.rf.8e86a2aed068462fc25f676e95ca10d1.jpg,Alert,0.999955415725708,User Input
20260317_211600,101_1_1_9_1_1_m_png.rf.45e1541bc7e130c8773ca3cc30b75400.jpg,C:\Users\vinay\OneDrive\Desktop\MP_FINAL_12\labels\alert\20260317_211600_101_1_1_9_1_1_m_png.rf.45e1541bc7e130c8773ca3cc30b75400.jpg,Alert,0.9999836683273315,User Input
20260317_211733,120_2_2_1_165_113_1_png.rf.7b28a926f5097deb462f727e94ac74ac.jpg,C:\Users\vinay\OneDrive\Desktop\MP_FINAL_12\labels\drowsy\20260317_211733_120_2_2_1_165_113_1_png.rf.7b28a926f5097deb462f727e94ac74ac.jpg,Drowsy,0.9999303817749023,User Input
20260406_151614,103_1_1_3_450_1_png.rf.5ed3331ec24e0f27e51bf5170c30a284.jpg,C:\Users\vinay\OneDrive\Desktop\MP_FINAL_12\labels\drowsy\20260406_151614_103_1_1_3_450_1_png.rf.5ed3331ec24e0f27e51bf5170c30a284.jpg,Drowsy,0.8759324550628662,User Input
20260410_234035,104_2_1_4_450_1_png.rf.a88a1193350d1902c69582cab814c9da.jpg,C:\Users\vinay\OneDrive\Desktop\MP_FINAL_12 - Copy\labels\drowsy\20260410_234035_104_2_1_4_450_1_png.rf.a88a1193350d1902c69582cab814c9da.jpg,Drowsy,0.8761915564537048,User Input
20260410_234727,107_1_1_4_450_1_png.rf.70f669445b1ea3daf30ff4ae8b493e17.jpg,C:\Users\vinay\OneDrive\Desktop\MP_FINAL_12 - Copy\labels\drowsy\20260410_234727_107_1_1_4_450_1_png.rf.70f669445b1ea3daf30ff4ae8b493e17.jpg,Drowsy,0.9999887943267822,User Input
20260410_235415,103_1_2_9_122_31_1_m_png.rf.7ca8c7e91eb857ee7f996131d53d503c.jpg,C:\Users\vinay\OneDrive\Desktop\MP_FINAL_12 - Copy\labels\alert\20260410_235415_103_1_2_9_122_31_1_m_png.rf.7ca8c7e91eb857ee7f996131d53d503c.jpg,Alert,0.9904962778091431,User Input
20260411_003401,101_1_1_2_1_1_m_png.rf.1e1b9b5ea563114c06f10f304a118261.jpg,C:\Users\vinay\OneDrive\Desktop\MP_FINAL_12 - Copy\labels\alert\20260411_003401_101_1_1_2_1_1_m_png.rf.1e1b9b5ea563114c06f10f304a118261.jpg,Alert,0.5065104961395264,User Input
20260411_003428,103_1_1_8_712_1_m_png.rf.c295cb4fe0eca41086b2f138f9f3bcf5.jpg,C:\Users\vinay\OneDrive\Desktop\MP_FINAL_12 - Copy\labels\alert\20260411_003428_103_1_1_8_712_1_m_png.rf.c295cb4fe0eca41086b2f138f9f3bcf5.jpg,Alert,0.9857991933822632,User Input
20260411_010627,110_1_1_4_1_1_m_png.rf.6848cc0a99ac6a440858876a356f3ce1.jpg,C:\Users\vinay\OneDrive\Desktop\MP_FINAL_12 - Copy\labels\drowsy\20260411_010627_110_1_1_4_1_1_m_png.rf.6848cc0a99ac6a440858876a356f3ce1.jpg,Drowsy,0.9090409278869629,User Input
20260413_175945,101_2_1_1_1_1_m_png.rf.b7518e3fb00dba1e1c02e4682633dd04.jpg,C:\Users\vinay\OneDrive\Desktop\MP_FINAL_12 - Copy\labels\alert\20260413_175945_101_2_1_1_1_1_m_png.rf.b7518e3fb00dba1e1c02e4682633dd04.jpg,Alert,0.9701602458953857,User Input
20260413_180257,103_1_2_1_137_30_1_m_png.rf.5aa5bfa6613fee6259be246303869cd6.jpg,C:\Users\vinay\OneDrive\Desktop\MP_FINAL_12 - Copy\labels\alert\20260413_180257_103_1_2_1_137_30_1_m_png.rf.5aa5bfa6613fee6259be246303869cd6.jpg,Alert,0.9767073392868042,User Input
20260413_180504,107_1_1_1_1_1_m_png.rf.6e2019bd2058984c4f15d3bf9c3ee12d.jpg,C:\Users\vinay\OneDrive\Desktop\MP_FINAL_12 - Copy\labels\alert\20260413_180504_107_1_1_1_1_1_m_png.rf.6e2019bd2058984c4f15d3bf9c3ee12d.jpg,Alert,0.9606063961982727,User Input
20260413_180626,130_2_2_7_146_30_1_png.rf.60013ba7c0771a605b5315c4f1055469.jpg,C:\Users\vinay\OneDrive\Desktop\MP_FINAL_12 - Copy\labels\alert\20260413_180626_130_2_2_7_146_30_1_png.rf.60013ba7c0771a605b5315c4f1055469.jpg,Alert,0.9694626331329346,User Input
20260413_180725,101_1_1_9_1_1_m_png.rf.af047b9df7ebbb8072a4551b710d33c8.jpg,C:\Users\vinay\OneDrive\Desktop\MP_FINAL_12 - Copy\labels\alert\20260413_180725_101_1_1_9_1_1_m_png.rf.af047b9df7ebbb8072a4551b710d33c8.jpg,Alert,0.9674340486526489,User Input
20260413_180939,WhatsApp Image 2026-04-13 at 18.08.18.jpeg,C:\Users\vinay\OneDrive\Desktop\MP_FINAL_12 - Copy\labels\alert\20260413_180939_WhatsApp Image 2026-04-13 at 18.08.18.jpeg,Alert,0.9787351489067078,User Input
20260413_182554,103_1_1_4_450_1_m_png.rf.f5cf6c5811145941a0934bfcc257ab3b.jpg,C:\Users\vinay\OneDrive\Desktop\MP_FINAL_12 - Copy\labels\alert\20260413_182554_103_1_1_4_450_1_m_png.rf.f5cf6c5811145941a0934bfcc257ab3b.jpg,Alert,0.9779506921768188,User Input
20260413_182618,103_1_1_2_1_1_png.rf.388ec42104c5804dac9c11fecf440aec.jpg,C:\Users\vinay\OneDrive\Desktop\MP_FINAL_12 - Copy\labels\alert\20260413_182618_103_1_1_2_1_1_png.rf.388ec42104c5804dac9c11fecf440aec.jpg,Alert,0.9529719352722168,User Input
20260413_183113,103_1_1_2_1_1_png.rf.388ec42104c5804dac9c11fecf440aec.jpg,C:\Users\vinay\OneDrive\Desktop\MP_FINAL_12 - Copy\labels\alert\20260413_183113_103_1_1_2_1_1_png.rf.388ec42104c5804dac9c11fecf440aec.jpg,Alert,0.9529719352722168,User Input
20260413_183122,20260410_220223_103_1_1_6_1_1_m_png.rf.c7541c8f347547e6a0afdb4ed186b796.jpg,C:\Users\vinay\OneDrive\Desktop\MP_FINAL_12 - Copy\labels\alert\20260413_183122_20260410_220223_103_1_1_6_1_1_m_png.rf.c7541c8f347547e6a0afdb4ed186b796.jpg,Alert,0.976909875869751,User Input
20260413_183456,WhatsApp Image 2026-04-13 at 18.34.33.jpeg,C:\Users\vinay\OneDrive\Desktop\MP_FINAL_12 - Copy\labels\alert\20260413_183456_WhatsApp Image 2026-04-13 at 18.34.33.jpeg,Alert,0.9323111176490784,User Input
20260414_165443,20251226_220629_101_1_1_3_1_1_png.rf.d5825543222961697408963f02eca7e1.jpg,C:\Users\2putt\OneDrive\Desktop\Major_Project\NEW_Project\labels\drowsy\20260414_165443_20251226_220629_101_1_1_3_1_1_png.rf.d5825543222961697408963f02eca7e1.jpg,Drowsy,0.6507447957992554,User Input
20260414_170530,20260108_112132_104_1_1_5_450_1_m_png.rf.167d2d5776b1ace4f43baa925b2e449b.jpg,C:\Users\2putt\OneDrive\Desktop\Major_Project\NEW_Project\labels\drowsy\20260414_170530_20260108_112132_104_1_1_5_450_1_m_png.rf.167d2d5776b1ace4f43baa925b2e449b.jpg,Drowsy,0.656550407409668,User Input
20260414_170549,20260108_112537_123_2_2_6_162_29_1_png.rf.947fb5d7105e8dbd94081905200fe0ce.jpg,C:\Users\2putt\OneDrive\Desktop\Major_Project\NEW_Project\labels\drowsy\20260414_170549_20260108_112537_123_2_2_6_162_29_1_png.rf.947fb5d7105e8dbd94081905200fe0ce.jpg,Drowsy,0.5851954221725464,User Input
20260414_170601,20260306_134711_103_2_2_3_175_2_1_png.rf.dd6aaf2bc68bf0ed32abde5bcb0d8ef8.jpg,C:\Users\2putt\OneDrive\Desktop\Major_Project\NEW_Project\labels\drowsy\20260414_170601_20260306_134711_103_2_2_3_175_2_1_png.rf.dd6aaf2bc68bf0ed32abde5bcb0d8ef8.jpg,Drowsy,0.6093740463256836,User Input
20260414_170603,20260306_134711_103_2_2_3_175_2_1_png.rf.dd6aaf2bc68bf0ed32abde5bcb0d8ef8.jpg,C:\Users\2putt\OneDrive\Desktop\Major_Project\NEW_Project\labels\drowsy\20260414_170603_20260306_134711_103_2_2_3_175_2_1_png.rf.dd6aaf2bc68bf0ed32abde5bcb0d8ef8.jpg,Drowsy,0.6093740463256836,User Input
